cod_stazione,nome_stazione,nome_stazione_reg,lat,lon
S04700,GENOVA PIAZZA PRINCIPE,,,
S08409,ROMA TERMINI,ROMA TERMINI,41.901,12.5018
S01700,MILANO CENTRALE,MILANO CENTRALE,45.4858,9.2044
S02593,VENEZIA S.LUCIA,,,
S09218,NAPOLI CENTRALE,NAPOLI CENTRALE,40.8521,14.2726
S04501,VENTIMIGLIA,,,
S04725,SESTRI LEVANTE,SESTRI LEVANTE,44.2738,9.3952
S06000,LA SPEZIA CENTRALE,,,
S06421,FIRENZE SANTA MARIA NOVELLA,,,
S07226,TERNI,,,
S09818,SALERNO,SALERNO,40.6779,14.7681
S12349,SIRACUSA,SIRACUSA,37.0693,15.2873
S00219,TORINO PORTA NUOVA,TORINO P.NUOVA,45.0615,7.6782
S03317,TRIESTE CENTRALE,,,
S11145,LECCE,LECCE,40.3521,18.174
S11781,REGGIO DI CALABRIA CENTRALE,REGGIO CALABRIA CENTRALE,38.1093,15.6482
S00034,MORTARA,,,
S00248,NOVARA,,,
S01030,GALLARATE,,,
S01031,BUSTO ARSIZIO,,,
S01066,MILANO CADORNA,,,
S01137,BUSTO ARSIZIO NORD,,,
S01205,VARESE,,,
S01301,CHIASSO,,,
S01316,CAMNAGO-LENTATE,,,
S01326,MILANO GRECO PIRELLI,,,
S01520,LECCO,,,
S01529,BERGAMO,,,
S01631,MILANO PORTA GENOVA,,,
S01640,MILANO CERTOSA,,,
S01642,MILANO BOVISA POLITECNICO,,,
S01645,MILANO PORTA GARIBALDI,,,
S01703,PIOLTELLO LIMITO,,,
S01708,TREVIGLIO,,,
S01717,BRESCIA,,,
S01807,VOGHERA,,,
S01860,PAVIA,,,
S01933,SARONNO,,,
S02011,FORTEZZA,,,
S02026,BOLZANO,,,
S02430,VERONA PORTA NUOVA,,,
S02581,PADOVA,,,
S02832,BASILIANO,,,
S03200,PORTOGRUARO CAORLE,,,
S03310,MONFALCONE,,,
S04702,GENOVA BRIGNOLE,,,
S04801,SAVONA,,,
S05000,PIACENZA,,,
S05043,BOLOGNA CENTRALE,,,
S05308,POGGIO RUSCO,,,
S06500,PISA CENTRALE,,,
S06725,LIVORNO CENTRALE,,,
S06915,AREZZO,,,
S07113,ANCONA,,,
S08010,CIVITAVECCHIA,,,
S08217,ROMA TIBURTINA,ROMA TIBURTINA,41.9101,12.5305
S08640,FORMIA-GAETA,,,
S11119,BARI CENTRALE,BARI CENTRALE,41.1177,16.8719
S11465,TARANTO,,,
S12301,MESSINA CENTRALE,,,
S12332,CATANIA CENTRALE,,,
S19919,STABIO,,,
S01003,DOMODOSSOLA,,,
S02001,BRENNERO,,,
S00201,MODANE,,,
S05811,RAVENNA,,,
S09311,BENEVENTO,,,
S02336,MANTOVA,,,
S03026,UDINE,,,
S03304,GORIZIA CENTRALE,,,
S07004,PERUGIA,,,
S07810,PESCARA,,,
S09823,BATTIPAGLIA,,,
S11100,FOGGIA,,,
S11811,SIBARI,,,
S06039,GROSSETO,,,
S06416,PRATO CENTRALE,,,
S07005,PERUGIA PONTE S.GIOVANNI,,,
S07513,S.BENEDETTO DEL TRONTO,,,
S09006,AVERSA,,,
S09211,CASERTA,,,
S11774,VILLA S.GIOVANNI,,,
S12002,PALERMO CENTRALE,,,
S09101,POZZUOLI SOLFATARA,,,
S09103,NAPOLI CAMPI FLEGREI,,,
S09110,NAPOLI GIANTURCO,,,
S09213,CANCELLO,,,
S09800,NAPOLI S.GIOVANNI BARRA,,,
S09804,S.MARIA LA BRUNA,,,
S09806,TORRE ANNUNZIATA CENTRALE,,,
N00024,VARESE NORD,,,
N00025,VARESE CASBENO,,,
N00041,GRANDATE - BRECCIA,,,
N00055,NOVARA NORD,,,
N00066,MEDA,,,
N00068,MARIANO COMENSE,,,
N00074,ERBA,,,
N00079,ASSO,,,
N00210,ISEO,,,
N00217,PISOGNE,,,
N00226,BRENO,,,
N00235,EDOLO,,,
S00016,BORGOMANERO,,,
S00039,TORREBERETTI,,,
S00041,VALENZA,,,
S00070,BIELLA S.PAOLO,,,
S00088,TORINO AEROPORTO DI CASELLE,,,
S00090,CIRIE\',,,
S00096,GERMAGNANO,,,
S00154,IVREA,,,
S00202,BARDONECCHIA,,,
S00205,SALBERTRAND,,,
S00208,BUSSOLENO,,,
S00228,TORINO STURA,,,
S00232,CHIVASSO,,,
S00240,SANTHIA\',,,
S00245,VERCELLI,,,
S00260,SUSA,,,
S00314,CASALE MONFERRATO,,,
S00452,TORINO LINGOTTO,,,
S00455,TROFARELLO,,,
S00462,ASTI,,,
S00470,ALESSANDRIA,,,
S00500,CHIERI,,,
S00517,PINEROLO,,,
S00606,FOSSANO,,,
S00610,CUNEO,,,
S00617,LIMONE,,,
S00821,BRA,,,
S00825,ALBA,,,
S00867,ACQUI TERME,,,
S00884,RIVAROLO,,,
S00952,MONDOVI`,,,
S01020,ARONA,,,
S01037,RHO,,,
S01059,ALBAIRATE-VERMEZZO,,,
S01061,VIGEVANO,,,
S01067,MILANO DOMODOSSOLA,,,
S01070,NOVATE MILANESE,,,
S01074,GARBAGNATE MILANESE,,,
S01078,MILANO AFFORI,,,
S01113,LUINO,,,
S01139,MALPENSA AEROPORTO TERMINAL 1,,,
S01146,MALPENSA AEROPORTO TERMINAL 2,,,
S01200,PORTO CERESIO,,,
S01307,COMO S.GIOVANNI,,,
S01308,COMO CAMERLATA,,,
S01315,CARIMATE,,,
S01318,SEREGNO,,,
S01322,MONZA,,,
S01400,CHIAVENNA,,,
S01415,MANDELLO DEL LARIO,,,
S01420,COLICO,,,
S01430,SONDRIO,,,
S01440,TIRANO,,,
S01458,MOLTENO,,,
S01488,BESANA,,,
S01524,CALOLZIOCORTE OLGINATE,,,
S01528,PONTE S.PIETRO,,,
S01600,VERDELLO DALMINE,,,
S01630,MILANO S.CRISTOFORO,,,
S01701,MILANO LAMBRATE,,,
S01747,LAVENO MOMBELLO LAGO,,,
S01763,COMO CAMERLATA (FNM),,,
S01765,COMO LAGO,,,
S01810,TORTONA,,,
S01820,MILANO ROGOREDO,,,
S01822,MELEGNANO,,,
S01825,LODI,,,
S01828,CODOGNO,,,
S01864,BELGIOIOSO,,,
S01865,CORTEOLONA,,,
S01915,CREMONA,,,
S01919,PIADENA,,,
S01920,BOZZOLO,,,
S01925,SEVESO,,,
S01945,STRADELLA,,,
S02038,TRENTO,,,
S02044,ROVERETO,,,
S02049,ALA,,,
S02140,SCHIO,,,
S02143,THIENE,,,
S02216,MERANO,,,
S02314,BORGO VALSUGANA EST,,,
S02340,SUZZARA,,,
S02349,CARPI,,,
S02366,LEGNAGO,,,
S02446,VICENZA,,,
S02520,BASSANO DEL GRAPPA,,,
S02537,CASTELFRANCO VENETO,,,
S02559,BELLUNO,,,
S02570,MONTEBELLUNA,,,
S02589,VENEZIA MESTRE,,,
S02661,CORDOVADO SESTO,,,
S02666,S.DONA\' DI PIAVE-JESOLO,,,
S02703,SACILE,,,
S02706,CONEGLIANO,,,
S02712,TREVISO CENTRALE,,,
S02830,CASARSA,,,
S03015,TARVISIO BOSCOVERDE,TARVISIO BOSCOVERDE,46.5057,13.583
S03016,CARNIA,,,
S03084,MANIAGO,,,
S03466,VILLA OPICINA,,,
S04203,NOVI LIGURE,,,
S04207,ARQUATA SCRIVIA,,,
S04215,BUSALLA,,,
S04220,GENOVA SAMPIERDARENA,,,
S04515,ALASSIO,,,
S04516,ALBENGA,,,
S04523,IMPERIA,,,
S04534,GENOVA VOLTRI,,,
S04537,GENOVA SESTRI PONENTE AEROPORTO,,,
S04707,GENOVA NERVI,,,
S04714,RECCO,,,
S04731,LEVANTO,,,
S04732,MONTEROSSO,,,
S04805,S.GIUSEPPE DI CAIRO,,,
S05009,FIDENZA,,,
S05014,PARMA,,,
S05019,BOLOGNA ROVERI,,,
S05023,REGGIO EMILIA,,,
S05032,MODENA,,,
S05054,IMOLA,,,
S05056,CASTELBOLOGNESE-RIOLO TERME,,,
S05058,FAENZA,,,
S05071,RIMINI,,,
S05090,SALSOMAGGIORE TERME,,,
S05105,MARZABOTTO,,,
S05110,PORRETTA TERME,,,
S05131,PIANORO,,,
S05134,S.BENEDETTO SAMBRO-CASTIGLIONE PEPOLI,,,
S05135,VERNIO MONTEPIANO CANTAGALLO,,,
S05161,SERMIDE,,,
S05180,SASSUOLO TERMINAL,,,
S05183,FORMIGINE,,,
S05188,MODENA PIAZZA MANZONI,,,
S05192,REGGIO S.LAZZARO,,,
S05194,SASSUOLO RADICI,,,
S05313,S.FELICE SUL PANARO,,,
S05420,ADRIA,,,
S05428,CHIOGGIA,,,
S05703,MONSELICE,,,
S05706,ROVIGO,,,
S05712,FERRARA,,,
S05722,S.PIETRO IN CASALE,,,
S05799,CODIGORO,,,
S05802,PORTOMAGGIORE,,,
S05813,LIDO DI CLASSE-LIDO DI SAVIO,,,
S05818,IGEA MARINA,,,
S05921,CIANO D\'ENZA,,,
S05951,LUGO,,,
S05960,GUASTALLA,,,
S06004,LA SPEZIA MIGLIARINA,,,
S06007,SARZANA,,,
S06013,AULLA LUNIGIANA,,,
S06026,CECINA,,,
S06030,S.VINCENZO,,,
S06031,CAMPIGLIA MARITTIMA,,,
S06040,VIAREGGIO,,,
S06161,BORGO VAL DI TARO,,,
S06163,PONTREMOLI,,,
S06227,MINUCCIANO-PIEVE-CASOLA,,,
S06325,PIAZZA AL SERCHIO,,,
S06404,LUCCA,,,
S06411,MONTECATINI TERME-MONSUMMANO,,,
S06414,PISTOIA,,,
S06419,FIRENZE CASTELLO,,,
S06420,FIRENZE RIFREDI,,,
S06506,PONTEDERA CASCIANA TERME,,,
S06510,EMPOLI,,,
S06603,S.PIERO A SIEVE,,,
S06604,BORGO S.LORENZO,,,
S06607,CRESPINO DEL LAMONE,,,
S06610,MARRADI-PALAZZUOLO SUL SENIO,,,
S06775,PIOMBINO MARITTIMA,,,
S06809,SIENA,,,
S06874,BUONCONVENTO,,,
S06900,FIRENZE CAMPO MARTE,,,
S06904,PONTASSIEVE,,,
S06910,MONTEVARCHI TERRANUOVA,,,
S06922,TERONTOLA CORTONA,,,
S06925,CHIUSI-CHIANCIANO TERME,,,
S07002,MAGIONE,,,
S07102,CATTOLICA S.GIOVANNI GABICCE,,,
S07104,PESARO,,,
S07202,JESI,,,
S07204,CASTELPLANIO CUPRAMONTANA,,,
S07208,FABRIANO,,,
S07217,FOLIGNO,,,
S07221,SPOLETO,,,
S07307,MACERATA,,,
S07405,RIETI,,,
S07414,L\'AQUILA,,,
S07500,VARANO,,,
S07506,CIVITANOVA MARCHE-MONTEGRANARO,,,
S07550,ASCOLI PICENO,,,
S07706,TORRE DEI PASSERI,,,
S07712,CHIETI,,,
S07802,GIULIANOVA,,,
S07813,FRANCAVILLA AL MARE,,,
S07824,VASTO S.SALVO,,,
S07900,TERAMO,,,
S08004,ORBETELLO-MONTE ARGENTARIO,,,
S08008,MONTALTO DI CASTRO,,,
S08009,TARQUINIA,,,
S08014,VAL D\'ALA,,,
S08020,MACCARESE-FREGENE,,,
S08021,LADISPOLI-CERVETERI,,,
S08203,ORVIETO,,,
S08207,ATTIGLIANO-BOMARZO,,,
S08209,ORTE,,,
S08211,CIVITA CASTELLANA-MAGLIANO,,,
S08213,POGGIO MIRTETO,,,
S08214,FARA SABINA-MONTELIBRETTI,,,
S08215,MONTEROTONDO-MENTANA,,,
S08304,VITERBO PORTA FIORENTINA,,,
S08306,VITERBO PORTA ROMANA,,,
S08315,BRACCIANO,,,
S08319,CESANO DI ROMA,,,
S08320,LA STORTA,,,
S08323,ROMA S.PIETRO,,,
S08331,VIGNA CLARA PES,,,
S08403,PONTE GALERIA,,,
S08406,ROMA OSTIENSE,,,
S08408,ROMA TUSCOLANA,,,
S08411,FIUMICINO AEROPORTO,,,
S08504,BAGNI DI TIVOLI,,,
S08506,GUIDONIA-MONTECELIO-S.ANGELO,,,
S08508,TIVOLI,,,
S08512,VALLE DELL\'ANIENE-MANDELA-SAMBUCI,,,
S08526,AVEZZANO,,,
S08539,SULMONA,,,
S08608,LATINA,,,
S08650,CIAMPINO,,,
S08652,ZAGAROLO,,,
S08657,COLLEFERRO-SEGNI-PALIANO,,,
S08662,FROSINONE,,,
S08671,CASSINO,,,
S08704,ALBANO LAZIALE,,,
S08705,APRILIA,,,
S08707,PADIGLIONE,,,
S08710,NETTUNO,,,
S08733,LANUVIO,,,
S08734,VELLETRI,,,
S08751,FRASCATI,,,
S08850,CAPISTRELLO,,,
S09000,SESSA AURUNCA-ROCCAMONFINA,,,
S09003,VILLA LITERNO,,,
S09150,MINTURNO-SCAURI,,,
S09203,VAIRANO-CAIANELLO,,,
S09706,MERCATO S.SEVERINO,,,
S09814,NOCERA INFERIORE,,,
S09839,ARECHI,,,
S11019,TERMOLI,,,
S11025,S.SEVERO,,,
S11108,BARLETTA,,,
S11126,BARI TORRE A MARE,,,
S11130,FASANO,,,
S11136,BRINDISI,,,
S11205,ROCCHETTA S.ANTONIO-LACEDONIA,,,
S11252,BITRITTO,,,
S11420,POTENZA CENTRALE,,,
S11705,AGROPOLI CASTELLABATE,,,
S11721,SAPRI,,,
S11739,PAOLA,,,
S11749,LAMEZIA TERME CENTRALE,,,
S11765,ROSARNO,,,
S11823,CROTONE,,,
S11833,CATANZARO LIDO,,,
S11847,ROCCELLA JONICA,,,
S11851,LOCRI,,,
S11863,MELITO DI PORTO SALVO,,,
S11910,COSENZA,,,
S12014,TERMINI IMERESE,,,
S12019,CEFALU\',,,
S12027,S.AGATA DI MILITELLO,,,
S12036,PATTI-S.PIERO PATTI,,,
S12100,TRAPANI,,,
S12113,CASTELVETRANO,,,
S12125,PIRAINETO,,,
S12126,CINISI TERRASINI,,,
S12133,PALERMO AEROPORTO,,,
S12134,PALERMO NOTARBARTOLO,,,
S12138,GIACHERY,,,
S12150,ALCAMO DIRAMAZIONE,,,
S12204,ROCCAPALUMBA-ALIA,,,
S12207,CAMMARATA S.GIOVANNI GEMINI,,,
S12216,AGRIGENTO CENTRALE,,,
S12308,GIAMPILIERI,,,
S12317,TAORMINA-GIARDINI,,,
S12320,ALCANTARA,,,
S12322,FIUMEFREDDO DI SICILIA,,,
S12324,GIARRE RIPOSTO,,,
S12336,CATANIA AEROPORTO FONTANAROSSA,,,
S12338,BICOCCA,,,
S12345,AUGUSTA,,,
S12370,ARAGONA CALDARE,,,
S12380,CALTANISSETTA XIRBI,,,
S12381,CALTANISSETTA CENTRALE,,,
S12803,PORTO TORRES MARITTIMA,,,
S12807,SASSARI,,,
S12862,OZIERI CHILIVANI,,,
S12869,MACOMER,,,
S12878,ORISTANO,,,
S12882,S.GAVINO,,,
S12888,DECIMOMANNU,,,
S12890,CAGLIARI ELMAS,,,
S12891,CAGLIARI,,,
S12902,OLBIA TERRANOVA,,,
S13143,MENDRISIO,,,
nan,POSTO MOV.TO TORA-PICCILLI,,,
S01083,PALAZZOLO MILANESE,,,
S11101,INCORONATA,,,
S11461,METAPONTO,,,
S09756,CASTELLAMMARE DI STABIA,,,
N00019,TRADATE,,,
N00045,RESCALDINA,,,
N00073,MERONE,,,
N00211,PILZONE,,,
N00225,CIVIDATE - MALEGNO,,,
S00015,GOZZANO,,,
S00060,TORINO REBAUDENGO FOSSATA,,,
S00074,SALUSSOLA,,,
S00093,MATHI,,,
S00204,OULX CESANA CLAVIERE SESTRIERE,,,
S00229,SETTIMO,,,
S00252,TRECATE,,,
S00512,CANDIOLO,,,
S00601,CARMAGNOLA,,,
S00742,CEVA,,,
S00803,MONTEGROSSO,,,
S00834,NIZZA MONFERRATO,,,
S01040,MAGENTA,,,
S01042,VITTUONE ARLUNO,,,
S01062,ABBIATEGRASSO,,,
S01073,GARBAGNATE PARCO DELLE GROANE,,,
S01086,CESANO MADERNO,,,
S01094,LAMBRUGO - LURAGO D\'ERBA,,,
S01118,LAVENO MOMBELLO,,,
S01138,FERNO - LONATE POZZOLO,,,
S01144,MORNAGO CIMBRO,,,
S01310,PM ALBATE,,,
S01325,SESTO S.GIOVANNI,,,
S01425,MORBEGNO,,,
S01428,S.PIETRO BERBENNO,,,
S01429,CASTIONE ANDEVENNO,,,
S01511,CARNATE USMATE,,,
S01601,TREVIGLIO OVEST,,,
S01605,CREMA,,,
S01633,MILANO PORTA VITTORIA,,,
S01707,CASSANO D\'ADDA,,,
S01770,SELLERO,,,
S01805,BRESSANA BOTTARONE,,,
S01824,TAVAZZANO,,,
S01852,COLORNO,,,
S01853,TORRILE S.POLO,,,
S01948,CASTEL S.GIOVANNI,,,
S01963,BUSSETO,,,
S02006,VIPITENO-VAL DI VIZZE,,,
S02030,BRONZOLO,,,
S02035,MEZZOCORONA,,,
S02107,BRUNICO,,,
S02111,MONGUELFO-VALLE DI CASIES,,,
S02114,S.CANDIDO,,,
S02225,PONTE D\'ADIGE,,,
S02305,PERGINE,,,
S02308,CALDONAZZO,,,
S02319,PRIMOLANO,,,
S02346,ROLO NOVI FABBRICO,,,
S02440,S.BONIFACIO,,,
S02535,CITTADELLA,,,
S02550,CALALZO PIEVE CADORE CORTINA,,,
S02553,PERAROLO DI CADORE,,,
S02558,PONTE NELLE ALPI POLPET,,,
S02563,BUSCHE LENTIAI MEL,,,
S02564,FELTRE,,,
S03019,GEMONA DEL FRIULI,,,
S03207,CERVIGNANO-AQUILEIA-GRADO,,,
S04503,BORDIGHERA,,,
S04704,GENOVA QUARTO DEI MILLE,,,
S05037,CASTELFRANCO EMILIA,,,
S05041,LAVINO,,,
S05053,CASTEL S.PIETRO TERME,,,
S05106,PIOPPE DI SALVARO,,,
S05107,VERGATO,,,
S05108,RIOLA,,,
S05130,BOLOGNA S.RUFFILLO,,,
S05136,VAIANO,,,
S05316,CREVALCORE,,,
S05418,LAMA,,,
S05808,ALFONSINE,,,
S05810,MEZZANO,,,
S05975,BAZZANO (FER),,,
S05984,SCANDIANO,,,
S06009,MASSA CENTRO,,,
S06025,VADA,,,
S06033,FOLLONICA,,,
S06153,FORNOVO,,,
S06160,OSTIA PARMENSE,,,
S06171,VEZZANO LIGURE,,,
S06409,PESCIA,,,
S06700,VICCHIO,,,
S06801,GRANAIOLO,,,
S06803,CERTALDO,,,
S06805,POGGIBONSI-S.GIMIGNANO,,,
S06856,MONTALLESE,,,
S06908,FIGLINE VALDARNO,,,
S07008,ASSISI,,,
S07111,FALCONARA MARITTIMA,,,
S07408,ANTRODOCO BORGO VELINO,,,
S07703,POPOLI VITTORITO,,,
S08025,ROMA AURELIA,,,
S08301,GROTTE S.STEFANO,,,
S08318,ANGUILLARA,,,
S08537,ANVERSA-VILLALAGO-SCANNO,,,
S08716,MARECHIARO,,,
S08731,PAVONA,,,
S08732,CECCHINA,,,
S08906,ROCCARASO,,,
S09453,BOIANO,,,
S09519,FISCIANO,,,
S09520,BARONISSI,,,
S09702,SARNO,,,
S09824,EBOLI,,,
S09827,SICIGNANO DEGLI ALBURNI,,,
S09828,BUCCINO S.GREGORIO MAGNO,,,
S09832,BARAGIANO-RUOTI,,,
S11132,OSTUNI,,,
S11505,GIOIA DEL COLLE,,,
S11712,PISCIOTTA PALINURO,,,
S11764,NICOTERA,,,
S11770,BAGNARA,,,
S11789,VIBO VALENTIA-PIZZO,,,
S12008,BAGHERIA,,,
S12011,ALTAVILLA MILICIA,,,
S12017,CAMPOFELICE,,,
S12042,MILAZZO,,,
S12107,MARSALA,,,
S12240,DITTAINO,,,
S12270,CALTAGIRONE,,,
S12341,LENTINI,,,
S12407,GELA,,,
S12414,RAGUSA,,,
S12417,MODICA,,,
S13104,MARTINA FRANCA,,,
S05007,FIORENZUOLA,,,
N00221,BOARIO TERME,,,
S01827,CASALPUSTERLENGO,,,
S05017,BUDRIO,,,
S06909,S.GIOVANNI VALDARNO,,,
S08016,S.SEVERA,,,
S08311,CAPRANICA-SUTRI,,,
S09206,SPARANISE,,,
S12127,CARINI,,,
